{
  "homebrew_version": "3.5.6-26-g0e98bdd",
  "used_options": [

  ],
  "unused_options": [

  ],
  "built_as_bottle": true,
  "poured_from_bottle": true,
  "loaded_from_api": true,
  "installed_as_dependency": false,
  "installed_on_request": true,
  "changed_files": [
    "lib/pkgconfig/glfw3.pc"
  ],
  "time": 1694081226,
  "source_modified_time": 1657836683,
  "compiler": "clang",
  "aliases": [

  ],
  "runtime_dependencies": [

  ],
  "source": {
    "spec": "stable",
    "versions": {
      "stable": "3.3.8",
      "head": null,
      "version_scheme": 0
    },
    "path": "/goinfre/$USER/homebrew/Library/Taps/homebrew/homebrew-core/Formula/g/glfw.rb",
    "tap_git_head": null,
    "tap": "homebrew/core"
  },
  "arch": "x86_64",
  "built_on": {
    "os": "Macintosh",
    "os_version": "macOS 10.15.7",
    "cpu_family": "penryn",
    "xcode": "12.4",
    "clt": "12.0.0.32.29",
    "preferred_perl": "5.18"
  }
}